<?xml version="1.0" encoding="UTF-8"?>
<!DOCTYPE mapper
        PUBLIC "-//mybatis.org//DTD Mapper 3.0//EN"
        "http://mybatis.org/dtd/mybatis-3-mapper.dtd">
<mapper namespace="database.StudentMapper">

    <resultMap type="student" id="result">
        <id property="id" column="id" />
        <result property="name" column="name" />

    </resultMap>

    <select id="getAllstudents" resultType="student" resultMap="result">
        SELECT * FROM studentdata ;
    </select>

    <insert id="insertstudent" parameterType="student" keyProperty="id" useGeneratedKeys="true">

        INSERT INTO studentdata(id,name)
        VALUES(#{id}, #{name})
    </insert>

    <update id="updateStudent" parameterType="student">
        UPDATE studentdata SET id = #{id}, name = #{name}
        WHERE id = #{id}
    </update>

<delete id="deletestudent" parameterType="student">
    DELETE FROM studentdata WHERE id = #{id}

</delete>





</mapper>