<?xml version = "1.0" encoding = "UTF-8"?>

<!DOCTYPE configuration PUBLIC "-//mybatis.org//DTD Config 3.0//EN" "http://mybatis.org/dtd/mybatis-3-config.dtd">
<configuration>

    <typeAliases>
        <typeAlias type="datamodal.Student" alias="student"/>
    </typeAliases>
    <environments default = "development">
        <environment id = "development">
            <transactionManager type = "JDBC"/>
            <dataSource type = "POOLED">

                <property name = "driver" value = "com.mysql.jdbc.Driver"/>
                <property name = "url" value = "jdbc:mysql://localhost:3306/student"/>
                <property name = "username" value = "root"/>
                <property name = "password" value = "System@123"/>
            </dataSource>

        </environment>
    </environments>

    <mappers>
        <mapper resource ="mapper/StudentMapper.xml" />
    </mappers>


</configuration>